user_id,qlink_code,email,first_name,last_name,user_password,city,bio,skills,organization,role,linkedin,twitter,other_website,user_photo
1,1111,randysavage@gmail.com,Randy,Savage,RandysPassword,"Seminole, FL","Randy Mario Poffo, better known by his ring name "Macho Man" Randy Savage, was an American professional wrestler and color commentator best known for his time in the World Wrestling Federation and later World Championship Wrestling.",Chokeslams,WCW,"Macho Man",linkedin.com,twitter.com,randysavage.com,https://vignette.wikia.nocookie.net/fantendo/images/3/3e/Macho-man-randy-savage-1_crop_north.jpg/revision/latest?cb=20140429024430
2,2222,natureboy@hotmail.com,Ric,Flair,whoooooPassword,"Memphis, TN","Richard Morgan Fliehr, better known as Ric Flair, is an American professional wrestling manager and retired professional wrestler signed to WWE under its Legends program.
Widely regarded as the greatest professional wrestler of all time[9] and the best American performer of the 1980s, Flair has cultivated a legacy over a career that spans 40 years. He is noted for his tenures with the National Wrestling Alliance (NWA), World Championship Wrestling (WCW), the World Wrestling Federation (WWF, later WWE) and Total Nonstop Action Wrestling (TNA). Since the mid-1970s, he has used the moniker "The Nature Boy".","Figure Four Leglock",WWE,"The Nature Boy",linkedin.com,twitter.com,natureboy.com,https://usatthebiglead.files.wordpress.com/2010/03/natureboyricflair.jpg?w=640
3,3333,email,The,Rock,Password,City,Bio,Skills,Company,Role,linkedin.com,twitter.com,website.com,https://i.pinimg.com/736x/5d/ec/40/5dec4023ea476dc77ea05ac73259852f--the-rock-dwayne-johnson-tattoo-la-roca-dwayne-johnson.jpg
4,4444,email,Hulk,Hogan,Password,City,Bio,Skills,Company,Role,linkedin.com,twitter.com,website.com,https://cdn3.whatculture.com/images/2017/06/e845eab675e45d31-600x400.jpeg
5,5555,email,The,Undertaker,Password,City,Bio,Skills,Company,Role,linkedin.com,twitter.com,website.com,http://doublegsports.com/wp-content/uploads/2017/03/The-Undertaker-Sportskeeda.jpg
6,6666,email,John,Cena,Password,City,Bio,Skills,Company,Role,linkedin.com,twitter.com,website.com,http://shop.wwe.com/on/demandware.static/-/Sites-wwe-us-navigation/default/dwf86f9538/images/superstar-thumb-300/john-cena-2017.jpg
7,7777,email,Rob,"Van Dam",Password,City,Bio,Skills,Company,Role,linkedin.com,twitter.com,website.com,https://bullspikeradionews.files.wordpress.com/2015/07/rvd-titles.png
8,8888,email,"Stone Cold","Steve Austin",Password,City,Bio,Skills,Company,Role,linkedin.com,twitter.com,website.com,https://pbs.twimg.com/profile_images/525200947421532160/QQh3Tvx1.jpeg
